stationId,locationId,facilityType,station_name,address,device_count,open_time,update_time,facility_type_name,address_clean,device_count_clean
129465,461655,3,高新区科学大道·交直流充电站1号,河南省郑州市高新区科学大道,6,00:00-24:00,2019/7/26,交直流一体充电桩,河南省郑州市高新区科学大道,6
131897,566549,3,二七区嵩山路·交直流充电站1号,河南省郑州市二七区嵩山路,4,00:00-24:00,2019/7/26,交直流一体充电桩,河南省郑州市二七区嵩山路,4
134427,620906,3,郑东新区东风东路·交直流充电站1号,河南省郑州市郑东新区东风东路,1,00:00-24:00,2019/7/26,交直流一体充电桩,河南省郑州市郑东新区东风东路,1
191826,481066,2,经开区航海东路·直流充电站1号,河南省郑州市经开区航海东路,2,00:00-24:00,2019/7/26,直流充电桩,河南省郑州市经开区航海东路,2
200695,202527,3,中原区建设路·交直流充电站1号,河南省郑州市中原区建设路,2,00:00-24:00,2019/7/26,交直流一体充电桩,河南省郑州市中原区建设路,2
207262,928191,3,郑东新区金水东路·交直流充电站1号,河南省郑州市郑东新区金水东路,13,00:00-24:00,2019/7/26,交直流一体充电桩,河南省郑州市郑东新区金水东路,13
219054,814002,2,金水区北三环·直流充电站1号,河南省郑州市金水区北三环,11,00:00-24:00,2019/7/26,直流充电桩,河南省郑州市金水区北三环,11
228137,503205,3,上街区中心路·交直流充电站1号,河南省郑州市上街区中心路,17,00:00-24:00,2019/7/26,交直流一体充电桩,河南省郑州市上街区中心路,17
236379,928191,3,郑东新区金水东路·交直流充电站2号,河南省郑州市郑东新区金水东路,4,00:00-24:00,2019/7/26,交直流一体充电桩,河南省郑州市郑东新区金水东路,4
236840,620906,3,郑东新区东风东路·交直流充电站2号,河南省郑州市郑东新区东风东路,1,00:00-24:00,2019/7/26,交直流一体充电桩,河南省郑州市郑东新区东风东路,1
237105,948590,4,高新区梧桐街·超充充电站1号,河南省郑州市高新区梧桐街,7,00:00-24:00,2019/7/26,其他类型,河南省郑州市高新区梧桐街,7
250527,976902,3,经开区第八大街·交直流充电站1号,河南省郑州市经开区第八大街,15,00:00-24:00,2019/7/26,交直流一体充电桩,河南省郑州市经开区第八大街,15
256233,928191,3,郑东新区金水东路·交直流充电站3号,河南省郑州市郑东新区金水东路,1,00:00-24:00,2019/7/26,交直流一体充电桩,河南省郑州市郑东新区金水东路,1
260408,481066,2,经开区航海东路·直流充电站2号,河南省郑州市经开区航海东路,2,00:00-24:00,2019/7/26,直流充电桩,河南省郑州市经开区航海东路,2
260781,202527,3,中原区建设路·交直流充电站2号,河南省郑州市中原区建设路,2,00:00-24:00,2019/7/26,交直流一体充电桩,河南省郑州市中原区建设路,2
265601,878393,1,中原区西三环·交流充电站1号,河南省郑州市中原区西三环,1,00:00-24:00,2019/7/26,交流充电桩,河南省郑州市中原区西三环,1
280221,976902,3,经开区第八大街·交直流充电站2号,河南省郑州市经开区第八大街,8,00:00-24:00,2019/7/26,交直流一体充电桩,河南省郑州市经开区第八大街,8
280415,399399,2,惠济区文化路·直流充电站1号,河南省郑州市惠济区文化路,2,00:00-24:00,2019/7/26,直流充电桩,河南省郑州市惠济区文化路,2
286084,648339,2,高新区瑞达路·直流充电站1号,河南省郑州市高新区瑞达路,1,00:00-24:00,2019/7/26,直流充电桩,河南省郑州市高新区瑞达路,1
288445,978130,2,航空港区长安路·直流充电站1号,河南省郑州市航空港区长安路,1,00:00-24:00,2019/7/26,直流充电桩,河南省郑州市航空港区长安路,1
300866,310085,1,管城区紫荆山路·交流充电站1号,河南省郑州市管城区紫荆山路,1,00:00-24:00,2019/7/26,交流充电桩,河南省郑州市管城区紫荆山路,1
349635,503205,3,上街区中心路·交直流充电站2号,河南省郑州市上街区中心路,2,00:00-24:00,2019/7/26,交直流一体充电桩,河南省郑州市上街区中心路,2
355208,976902,3,经开区第八大街·交直流充电站3号,河南省郑州市经开区第八大街,6,00:00-24:00,2019/7/26,交直流一体充电桩,河南省郑州市经开区第八大街,6
366832,978130,2,航空港区长安路·直流充电站2号,河南省郑州市航空港区长安路,9,00:00-24:00,2019/7/26,直流充电桩,河南省郑州市航空港区长安路,9
369001,493904,1,航空港区迎宾大道·交流充电站1号,河南省郑州市航空港区迎宾大道,40,00:00-24:00,2019/7/26,交流充电桩,河南省郑州市航空港区迎宾大道,40
371335,461655,3,高新区科学大道·交直流充电站2号,河南省郑州市高新区科学大道,11,00:00-24:00,2019/7/26,交直流一体充电桩,河南省郑州市高新区科学大道,11
386940,814002,2,金水区北三环·直流充电站2号,河南省郑州市金水区北三环,1,00:00-24:00,2019/7/26,直流充电桩,河南省郑州市金水区北三环,1
404112,399399,2,惠济区文化路·直流充电站2号,河南省郑州市惠济区文化路,1,00:00-24:00,2019/7/26,直流充电桩,河南省郑州市惠济区文化路,1
405157,976902,3,经开区第八大街·交直流充电站4号,河南省郑州市经开区第八大街,7,00:00-24:00,2019/7/26,交直流一体充电桩,河南省郑州市经开区第八大街,7
414088,566549,3,二七区嵩山路·交直流充电站2号,河南省郑州市二七区嵩山路,8,00:00-24:00,2019/7/26,交直流一体充电桩,河南省郑州市二七区嵩山路,8
425476,928191,3,郑东新区金水东路·交直流充电站4号,河南省郑州市郑东新区金水东路,5,00:00-24:00,2019/7/26,交直流一体充电桩,河南省郑州市郑东新区金水东路,5
431796,461655,3,高新区科学大道·交直流充电站3号,河南省郑州市高新区科学大道,3,00:00-24:00,2019/7/26,交直流一体充电桩,河南省郑州市高新区科学大道,3
445920,125372,2,金水区花园路·直流充电站1号,河南省郑州市金水区花园路,5,00:00-24:00,2019/7/26,直流充电桩,河南省郑州市金水区花园路,5
451479,648339,2,高新区瑞达路·直流充电站2号,河南省郑州市高新区瑞达路,1,00:00-24:00,2019/7/26,直流充电桩,河南省郑州市高新区瑞达路,1
474204,481066,2,经开区航海东路·直流充电站3号,河南省郑州市经开区航海东路,36,00:00-24:00,2019/7/26,直流充电桩,河南省郑州市经开区航海东路,36
481613,648339,2,高新区瑞达路·直流充电站3号,河南省郑州市高新区瑞达路,1,00:00-24:00,2019/7/26,直流充电桩,河南省郑州市高新区瑞达路,1
488364,648339,2,高新区瑞达路·直流充电站4号,河南省郑州市高新区瑞达路,1,00:00-24:00,2019/7/26,直流充电桩,河南省郑州市高新区瑞达路,1
489543,868085,3,二七区淮河路·交直流充电站1号,河南省郑州市二七区淮河路,8,00:00-24:00,2019/7/26,交直流一体充电桩,河南省郑州市二七区淮河路,8
500856,976902,3,经开区第八大街·交直流充电站5号,河南省郑州市经开区第八大街,2,00:00-24:00,2019/7/26,交直流一体充电桩,河南省郑州市经开区第八大街,2
507660,202527,3,中原区建设路·交直流充电站3号,河南省郑州市中原区建设路,5,00:00-24:00,2019/7/26,交直流一体充电桩,河南省郑州市中原区建设路,5
514669,566549,3,二七区嵩山路·交直流充电站3号,河南省郑州市二七区嵩山路,6,00:00-24:00,2019/7/26,交直流一体充电桩,河南省郑州市二七区嵩山路,6
517464,144857,2,二七区大学路·直流充电站1号,河南省郑州市二七区大学路,5,00:00-24:00,2019/7/26,直流充电桩,河南省郑州市二七区大学路,5
540225,648339,2,高新区瑞达路·直流充电站5号,河南省郑州市高新区瑞达路,2,00:00-24:00,2019/7/26,直流充电桩,河南省郑州市高新区瑞达路,2
549414,461655,3,高新区科学大道·交直流充电站4号,河南省郑州市高新区科学大道,5,00:00-24:00,2019/7/26,交直流一体充电桩,河南省郑州市高新区科学大道,5
562656,481066,2,经开区航海东路·直流充电站4号,河南省郑州市经开区航海东路,6,00:00-24:00,2019/7/26,直流充电桩,河南省郑州市经开区航海东路,6
568071,144857,2,二七区大学路·直流充电站2号,河南省郑州市二七区大学路,6,00:00-24:00,2019/7/26,直流充电桩,河南省郑州市二七区大学路,6
569886,868085,3,二七区淮河路·交直流充电站2号,河南省郑州市二七区淮河路,9,00:00-24:00,2019/7/26,交直流一体充电桩,河南省郑州市二七区淮河路,9
569889,461655,3,高新区科学大道·交直流充电站5号,河南省郑州市高新区科学大道,5,00:00-24:00,2019/7/26,交直流一体充电桩,河南省郑州市高新区科学大道,5
572249,144857,2,二七区大学路·直流充电站3号,河南省郑州市二七区大学路,4,00:00-24:00,2019/7/26,直流充电桩,河南省郑州市二七区大学路,4
575971,948590,4,高新区梧桐街·超充充电站2号,河南省郑州市高新区梧桐街,5,00:00-24:00,2019/7/26,其他类型,河南省郑州市高新区梧桐街,5
582873,461655,3,高新区科学大道·交直流充电站6号,河南省郑州市高新区科学大道,4,00:00-24:00,2019/7/26,交直流一体充电桩,河南省郑州市高新区科学大道,4
587514,648339,2,高新区瑞达路·直流充电站6号,河南省郑州市高新区瑞达路,1,00:00-24:00,2019/7/26,直流充电桩,河南省郑州市高新区瑞达路,1
594591,461655,3,高新区科学大道·交直流充电站7号,河南省郑州市高新区科学大道,4,00:00-24:00,2019/7/26,交直流一体充电桩,河南省郑州市高新区科学大道,4
612116,461655,3,高新区科学大道·交直流充电站8号,河南省郑州市高新区科学大道,3,00:00-24:00,2019/7/26,交直流一体充电桩,河南省郑州市高新区科学大道,3
616125,700367,2,经开区经北六路·直流充电站1号,河南省郑州市经开区经北六路,1,00:00-24:00,2019/7/26,直流充电桩,河南省郑州市经开区经北六路,1
623134,620906,3,郑东新区东风东路·交直流充电站3号,河南省郑州市郑东新区东风东路,2,00:00-24:00,2019/7/26,交直流一体充电桩,河南省郑州市郑东新区东风东路,2
632920,461655,3,高新区科学大道·交直流充电站9号,河南省郑州市高新区科学大道,4,00:00-24:00,2019/7/26,交直流一体充电桩,河南省郑州市高新区科学大道,4
638536,868085,3,二七区淮河路·交直流充电站3号,河南省郑州市二七区淮河路,9,00:00-24:00,2019/7/26,交直流一体充电桩,河南省郑州市二七区淮河路,9
643012,517854,3,金水区经三路·交直流充电站1号,河南省郑州市金水区经三路,4,00:00-24:00,2019/7/26,交直流一体充电桩,河南省郑州市金水区经三路,4
653450,503205,3,上街区中心路·交直流充电站3号,河南省郑州市上街区中心路,8,00:00-24:00,2019/7/26,交直流一体充电桩,河南省郑州市上街区中心路,8
664306,868085,3,二七区淮河路·交直流充电站4号,河南省郑州市二七区淮河路,12,00:00-24:00,2019/7/26,交直流一体充电桩,河南省郑州市二七区淮河路,12
672450,202527,3,中原区建设路·交直流充电站4号,河南省郑州市中原区建设路,3,00:00-24:00,2019/7/26,交直流一体充电桩,河南省郑州市中原区建设路,3
693651,503205,3,上街区中心路·交直流充电站4号,河南省郑州市上街区中心路,1,00:00-24:00,2019/7/26,交直流一体充电桩,河南省郑州市上街区中心路,1
711566,928191,3,郑东新区金水东路·交直流充电站5号,河南省郑州市郑东新区金水东路,2,00:00-24:00,2019/7/26,交直流一体充电桩,河南省郑州市郑东新区金水东路,2
728918,928191,3,郑东新区金水东路·交直流充电站6号,河南省郑州市郑东新区金水东路,11,00:00-24:00,2019/7/26,交直流一体充电桩,河南省郑州市郑东新区金水东路,11
729642,517854,3,金水区经三路·交直流充电站2号,河南省郑州市金水区经三路,1,00:00-24:00,2019/7/26,交直流一体充电桩,河南省郑州市金水区经三路,1
730023,878393,1,中原区西三环·交流充电站2号,河南省郑州市中原区西三环,3,00:00-24:00,2019/7/26,交流充电桩,河南省郑州市中原区西三环,3
738900,976902,3,经开区第八大街·交直流充电站6号,河南省郑州市经开区第八大街,6,00:00-24:00,2019/7/26,交直流一体充电桩,河南省郑州市经开区第八大街,6
758780,399399,2,惠济区文化路·直流充电站3号,河南省郑州市惠济区文化路,4,00:00-24:00,2019/7/26,直流充电桩,河南省郑州市惠济区文化路,4
782629,517854,3,金水区经三路·交直流充电站3号,河南省郑州市金水区经三路,3,00:00-24:00,2019/7/26,交直流一体充电桩,河南省郑州市金水区经三路,3
787792,648339,2,高新区瑞达路·直流充电站7号,河南省郑州市高新区瑞达路,2,00:00-24:00,2019/7/26,直流充电桩,河南省郑州市高新区瑞达路,2
792421,202527,3,中原区建设路·交直流充电站5号,河南省郑州市中原区建设路,3,00:00-24:00,2019/7/26,交直流一体充电桩,河南省郑州市中原区建设路,3
801274,976902,3,经开区第八大街·交直流充电站7号,河南省郑州市经开区第八大街,8,00:00-24:00,2019/7/26,交直流一体充电桩,河南省郑州市经开区第八大街,8
803398,144857,2,二七区大学路·直流充电站4号,河南省郑州市二七区大学路,5,00:00-24:00,2019/7/26,直流充电桩,河南省郑州市二七区大学路,5
818217,700367,2,经开区经北六路·直流充电站2号,河南省郑州市经开区经北六路,1,00:00-24:00,2019/7/26,直流充电桩,河南省郑州市经开区经北六路,1
861532,454147,3,郑东新区CBD·交直流充电站1号,河南省郑州市郑东新区CBD,1,00:00-24:00,2019/7/26,交直流一体充电桩,河南省郑州市郑东新区CBD,1
863084,751082,4,管城区陇海路·超充充电站1号,河南省郑州市管城区陇海路,3,00:00-24:00,2019/7/26,其他类型,河南省郑州市管城区陇海路,3
864630,648339,2,高新区瑞达路·直流充电站8号,河南省郑州市高新区瑞达路,1,00:00-24:00,2019/7/26,直流充电桩,河南省郑州市高新区瑞达路,1
871619,125372,2,金水区花园路·直流充电站2号,河南省郑州市金水区花园路,3,00:00-24:00,2019/7/26,直流充电桩,河南省郑州市金水区花园路,3
874950,814002,2,金水区北三环·直流充电站3号,河南省郑州市金水区北三环,6,00:00-24:00,2019/7/26,直流充电桩,河南省郑州市金水区北三环,6
875343,747048,1,惠济区天河路·交流充电站1号,河南省郑州市惠济区天河路,8,00:00-24:00,2019/7/26,交流充电桩,河南省郑州市惠济区天河路,8
878706,461655,3,高新区科学大道·交直流充电站10号,河南省郑州市高新区科学大道,15,00:00-24:00,2019/7/26,交直流一体充电桩,河南省郑州市高新区科学大道,15
884707,648339,2,高新区瑞达路·直流充电站9号,河南省郑州市高新区瑞达路,2,00:00-24:00,2019/7/26,直流充电桩,河南省郑州市高新区瑞达路,2
891421,144857,2,二七区大学路·直流充电站5号,河南省郑州市二七区大学路,4,00:00-24:00,2019/7/26,直流充电桩,河南省郑州市二七区大学路,4
894409,928191,3,郑东新区金水东路·交直流充电站7号,河南省郑州市郑东新区金水东路,1,00:00-24:00,2019/7/26,交直流一体充电桩,河南省郑州市郑东新区金水东路,1
902592,566549,3,二七区嵩山路·交直流充电站4号,河南省郑州市二七区嵩山路,9,00:00-24:00,2019/7/26,交直流一体充电桩,河南省郑州市二七区嵩山路,9
911231,202527,3,中原区建设路·交直流充电站6号,河南省郑州市中原区建设路,2,00:00-24:00,2019/7/26,交直流一体充电桩,河南省郑州市中原区建设路,2
914305,648339,2,高新区瑞达路·直流充电站10号,河南省郑州市高新区瑞达路,2,00:00-24:00,2019/7/26,直流充电桩,河南省郑州市高新区瑞达路,2
914907,648339,2,高新区瑞达路·直流充电站11号,河南省郑州市高新区瑞达路,1,00:00-24:00,2019/7/26,直流充电桩,河南省郑州市高新区瑞达路,1
920264,461655,3,高新区科学大道·交直流充电站11号,河南省郑州市高新区科学大道,4,00:00-24:00,2019/7/26,交直流一体充电桩,河南省郑州市高新区科学大道,4
922416,648339,2,高新区瑞达路·直流充电站12号,河南省郑州市高新区瑞达路,1,00:00-24:00,2019/7/26,直流充电桩,河南省郑州市高新区瑞达路,1
926676,648339,2,高新区瑞达路·直流充电站13号,河南省郑州市高新区瑞达路,1,00:00-24:00,2019/7/26,直流充电桩,河南省郑州市高新区瑞达路,1
929628,751082,4,管城区陇海路·超充充电站2号,河南省郑州市管城区陇海路,2,00:00-24:00,2019/7/26,其他类型,河南省郑州市管城区陇海路,2
932939,868085,3,二七区淮河路·交直流充电站5号,河南省郑州市二七区淮河路,6,00:00-24:00,2019/7/26,交直流一体充电桩,河南省郑州市二七区淮河路,6
943765,461655,3,高新区科学大道·交直流充电站12号,河南省郑州市高新区科学大道,2,00:00-24:00,2019/7/26,交直流一体充电桩,河南省郑州市高新区科学大道,2
944515,976902,3,经开区第八大街·交直流充电站8号,河南省郑州市经开区第八大街,14,00:00-24:00,2019/7/26,交直流一体充电桩,河南省郑州市经开区第八大街,14
944575,928191,3,郑东新区金水东路·交直流充电站8号,河南省郑州市郑东新区金水东路,4,00:00-24:00,2019/7/26,交直流一体充电桩,河南省郑州市郑东新区金水东路,4
946482,399399,2,惠济区文化路·直流充电站4号,河南省郑州市惠济区文化路,1,00:00-24:00,2019/7/26,直流充电桩,河南省郑州市惠济区文化路,1
951880,144857,2,二七区大学路·直流充电站6号,河南省郑州市二七区大学路,6,00:00-24:00,2019/7/26,直流充电桩,河南省郑州市二七区大学路,6
955429,493904,1,航空港区迎宾大道·交流充电站2号,河南省郑州市航空港区迎宾大道,32,00:00-24:00,2019/7/26,交流充电桩,河南省郑州市航空港区迎宾大道,32
981639,572514,3,中原区桐柏路·交直流充电站1号,河南省郑州市中原区桐柏路,1,00:00-24:00,2019/7/26,交直流一体充电桩,河南省郑州市中原区桐柏路,1
987396,978130,2,航空港区长安路·直流充电站3号,河南省郑州市航空港区长安路,11,00:00-24:00,2019/7/26,直流充电桩,河南省郑州市航空港区长安路,11
988981,648339,2,高新区瑞达路·直流充电站14号,河南省郑州市高新区瑞达路,1,00:00-24:00,2019/7/26,直流充电桩,河南省郑州市高新区瑞达路,1
989457,620906,3,郑东新区东风东路·交直流充电站4号,河南省郑州市郑东新区东风东路,1,00:00-24:00,2019/7/26,交直流一体充电桩,河南省郑州市郑东新区东风东路,1
995505,868085,3,二七区淮河路·交直流充电站6号,河南省郑州市二七区淮河路,5,00:00-24:00,2019/7/26,交直流一体充电桩,河南省郑州市二七区淮河路,5
