stationId,station_name,address,devices,orders,total_kwh
280221,经开区第八大街·交直流充电站2号,河南省郑州市经开区第八大街,8,50,265.19
371335,高新区科学大道·交直流充电站2号,河南省郑州市高新区科学大道,11,63,362.66
445920,金水区花园路·直流充电站1号,河南省郑州市金水区花园路,5,30,201.57
366832,航空港区长安路·直流充电站2号,河南省郑州市航空港区长安路,9,56,295.16
875343,惠济区天河路·交流充电站1号,河南省郑州市惠济区天河路,8,48,284.92
569889,高新区科学大道·交直流充电站5号,河南省郑州市高新区科学大道,5,28,155.87
884707,高新区瑞达路·直流充电站9号,河南省郑州市高新区瑞达路,2,11,62.25
728918,郑东新区金水东路·交直流充电站6号,河南省郑州市郑东新区金水东路,11,64,279.99
129465,高新区科学大道·交直流充电站1号,河南省郑州市高新区科学大道,6,34,201.98
134427,郑东新区东风东路·交直流充电站1号,河南省郑州市郑东新区东风东路,1,4,15.77
894409,郑东新区金水东路·交直流充电站7号,河南省郑州市郑东新区金水东路,1,3,13.0
286084,高新区瑞达路·直流充电站1号,河南省郑州市高新区瑞达路,1,1,5.36
653450,上街区中心路·交直流充电站3号,河南省郑州市上街区中心路,8,46,300.0
612116,高新区科学大道·交直流充电站8号,河南省郑州市高新区科学大道,3,16,90.19
265601,中原区西三环·交流充电站1号,河南省郑州市中原区西三环,1,1,14.02
871619,金水区花园路·直流充电站2号,河南省郑州市金水区花园路,3,16,103.99
738900,经开区第八大街·交直流充电站6号,河南省郑州市经开区第八大街,6,39,237.63
878706,高新区科学大道·交直流充电站10号,河南省郑州市高新区科学大道,15,91,482.43
219054,金水区北三环·直流充电站1号,河南省郑州市金水区北三环,11,64,346.69
431796,高新区科学大道·交直流充电站3号,河南省郑州市高新区科学大道,3,15,65.73
405157,经开区第八大街·交直流充电站4号,河南省郑州市经开区第八大街,7,42,266.8
517464,二七区大学路·直流充电站1号,河南省郑州市二七区大学路,5,31,171.6
914305,高新区瑞达路·直流充电站10号,河南省郑州市高新区瑞达路,2,9,47.13
568071,二七区大学路·直流充电站2号,河南省郑州市二七区大学路,6,37,203.44
861532,郑东新区CBD·交直流充电站1号,河南省郑州市郑东新区CBD,1,4,23.15
250527,经开区第八大街·交直流充电站1号,河南省郑州市经开区第八大街,15,88,658.0
944515,经开区第八大街·交直流充电站8号,河南省郑州市经开区第八大街,14,81,569.83
863084,管城区陇海路·超充充电站1号,河南省郑州市管城区陇海路,3,19,146.89
514669,二七区嵩山路·交直流充电站3号,河南省郑州市二七区嵩山路,6,31,149.32
711566,郑东新区金水东路·交直流充电站5号,河南省郑州市郑东新区金水东路,2,10,51.23
988981,高新区瑞达路·直流充电站14号,河南省郑州市高新区瑞达路,1,3,4.97
874950,金水区北三环·直流充电站3号,河南省郑州市金水区北三环,6,38,242.43
594591,高新区科学大道·交直流充电站7号,河南省郑州市高新区科学大道,4,27,153.7
955429,航空港区迎宾大道·交流充电站2号,河南省郑州市航空港区迎宾大道,32,188,934.61
926676,高新区瑞达路·直流充电站13号,河南省郑州市高新区瑞达路,1,1,1.78
355208,经开区第八大街·交直流充电站3号,河南省郑州市经开区第八大街,6,38,189.92
946482,惠济区文化路·直流充电站4号,河南省郑州市惠济区文化路,1,1,6.77
758780,惠济区文化路·直流充电站3号,河南省郑州市惠济区文化路,4,24,105.06
260781,中原区建设路·交直流充电站2号,河南省郑州市中原区建设路,2,9,42.11
944575,郑东新区金水东路·交直流充电站8号,河南省郑州市郑东新区金水东路,4,21,134.29
507660,中原区建设路·交直流充电站3号,河南省郑州市中原区建设路,5,29,130.21
488364,高新区瑞达路·直流充电站4号,河南省郑州市高新区瑞达路,1,1,7.07
414088,二七区嵩山路·交直流充电站2号,河南省郑州市二七区嵩山路,8,47,253.5
288445,航空港区长安路·直流充电站1号,河南省郑州市航空港区长安路,1,2,9.85
632920,高新区科学大道·交直流充电站9号,河南省郑州市高新区科学大道,4,22,97.29
864630,高新区瑞达路·直流充电站8号,河南省郑州市高新区瑞达路,1,5,18.2
638536,二七区淮河路·交直流充电站3号,河南省郑州市二七区淮河路,9,53,314.69
587514,高新区瑞达路·直流充电站6号,河南省郑州市高新区瑞达路,1,4,8.36
300866,管城区紫荆山路·交流充电站1号,河南省郑州市管城区紫荆山路,1,1,6.67
914907,高新区瑞达路·直流充电站11号,河南省郑州市高新区瑞达路,1,5,16.53
729642,金水区经三路·交直流充电站2号,河南省郑州市金水区经三路,1,5,69.08
902592,二七区嵩山路·交直流充电站4号,河南省郑州市二七区嵩山路,9,53,242.39
260408,经开区航海东路·直流充电站2号,河南省郑州市经开区航海东路,2,13,76.37
200695,中原区建设路·交直流充电站1号,河南省郑州市中原区建设路,2,10,49.82
404112,惠济区文化路·直流充电站2号,河南省郑州市惠济区文化路,1,7,31.1
981639,中原区桐柏路·交直流充电站1号,河南省郑州市中原区桐柏路,1,5,13.36
792421,中原区建设路·交直流充电站5号,河南省郑州市中原区建设路,3,18,97.82
131897,二七区嵩山路·交直流充电站1号,河南省郑州市二七区嵩山路,4,23,108.02
236840,郑东新区东风东路·交直流充电站2号,河南省郑州市郑东新区东风东路,1,3,15.75
569886,二七区淮河路·交直流充电站2号,河南省郑州市二七区淮河路,9,52,327.21
451479,高新区瑞达路·直流充电站2号,河南省郑州市高新区瑞达路,1,4,16.5
932939,二七区淮河路·交直流充电站5号,河南省郑州市二七区淮河路,6,38,295.15
922416,高新区瑞达路·直流充电站12号,河南省郑州市高新区瑞达路,1,5,28.57
623134,郑东新区东风东路·交直流充电站3号,河南省郑州市郑东新区东风东路,2,12,65.72
540225,高新区瑞达路·直流充电站5号,河南省郑州市高新区瑞达路,2,11,34.32
500856,经开区第八大街·交直流充电站5号,河南省郑州市经开区第八大街,2,12,92.38
987396,航空港区长安路·直流充电站3号,河南省郑州市航空港区长安路,11,67,341.38
693651,上街区中心路·交直流充电站4号,河南省郑州市上街区中心路,1,3,12.19
943765,高新区科学大道·交直流充电站12号,河南省郑州市高新区科学大道,2,14,53.1
572249,二七区大学路·直流充电站3号,河南省郑州市二七区大学路,4,23,132.56
818217,经开区经北六路·直流充电站2号,河南省郑州市经开区经北六路,1,2,12.23
995505,二七区淮河路·交直流充电站6号,河南省郑州市二七区淮河路,5,30,236.01
228137,上街区中心路·交直流充电站1号,河南省郑州市上街区中心路,17,103,629.16
562656,经开区航海东路·直流充电站4号,河南省郑州市经开区航海东路,6,35,234.65
801274,经开区第八大街·交直流充电站7号,河南省郑州市经开区第八大街,8,44,293.18
349635,上街区中心路·交直流充电站2号,河南省郑州市上街区中心路,2,9,42.42
803398,二七区大学路·直流充电站4号,河南省郑州市二七区大学路,5,29,167.17
575971,高新区梧桐街·超充充电站2号,河南省郑州市高新区梧桐街,5,32,211.69
730023,中原区西三环·交流充电站2号,河南省郑州市中原区西三环,3,19,299.79
782629,金水区经三路·交直流充电站3号,河南省郑州市金水区经三路,3,18,233.52
664306,二七区淮河路·交直流充电站4号,河南省郑州市二七区淮河路,12,69,458.82
369001,航空港区迎宾大道·交流充电站1号,河南省郑州市航空港区迎宾大道,40,332,1871.25
191826,经开区航海东路·直流充电站1号,河南省郑州市经开区航海东路,2,8,43.29
911231,中原区建设路·交直流充电站6号,河南省郑州市中原区建设路,2,12,55.45
425476,郑东新区金水东路·交直流充电站4号,河南省郑州市郑东新区金水东路,5,29,116.46
643012,金水区经三路·交直流充电站1号,河南省郑州市金水区经三路,4,24,327.25
474204,经开区航海东路·直流充电站3号,河南省郑州市经开区航海东路,36,207,1304.34
989457,郑东新区东风东路·交直流充电站4号,河南省郑州市郑东新区东风东路,1,4,21.83
891421,二七区大学路·直流充电站5号,河南省郑州市二七区大学路,4,22,115.45
616125,经开区经北六路·直流充电站1号,河南省郑州市经开区经北六路,1,1,6.82
237105,高新区梧桐街·超充充电站1号,河南省郑州市高新区梧桐街,7,44,292.53
787792,高新区瑞达路·直流充电站7号,河南省郑州市高新区瑞达路,2,10,48.6
920264,高新区科学大道·交直流充电站11号,河南省郑州市高新区科学大道,4,25,143.02
481613,高新区瑞达路·直流充电站3号,河南省郑州市高新区瑞达路,1,4,19.54
386940,金水区北三环·直流充电站2号,河南省郑州市金水区北三环,1,6,39.14
929628,管城区陇海路·超充充电站2号,河南省郑州市管城区陇海路,2,12,128.33
549414,高新区科学大道·交直流充电站4号,河南省郑州市高新区科学大道,5,30,183.78
672450,中原区建设路·交直流充电站4号,河南省郑州市中原区建设路,3,20,104.06
236379,郑东新区金水东路·交直流充电站2号,河南省郑州市郑东新区金水东路,4,23,109.43
280415,惠济区文化路·直流充电站1号,河南省郑州市惠济区文化路,2,15,98.75
582873,高新区科学大道·交直流充电站6号,河南省郑州市高新区科学大道,4,22,106.87
256233,郑东新区金水东路·交直流充电站3号,河南省郑州市郑东新区金水东路,1,5,29.72
489543,二七区淮河路·交直流充电站1号,河南省郑州市二七区淮河路,8,51,316.15
207262,郑东新区金水东路·交直流充电站1号,河南省郑州市郑东新区金水东路,13,80,349.64
951880,二七区大学路·直流充电站6号,河南省郑州市二七区大学路,6,35,220.76
