userId,orders,total_kwh,visited_stations,avg_kwh
81295434,45,270.35,7,6.01
47158353,75,457.03,8,6.09
39241917,7,39.07,1,5.58
81701631,11,65.4,2,5.95
30296079,64,344.54,2,5.38
27283509,2,14.03,2,7.01
41493375,8,35.96,7,4.49
87444027,10,41.38,7,4.14
78533433,18,67.68,9,3.76
32070852,1,6.07,1,6.07
72512154,11,38.63,6,3.51
77088033,3,16.92,1,5.64
33295482,39,249.53,3,6.4
13066218,35,178.39,12,5.1
41222907,7,44.1,6,6.3
92283246,61,399.48,5,6.55
37412595,116,646.12,6,5.57
75009330,5,33.67,4,6.73
26618922,20,89.87,5,4.49
29845530,6,40.14,2,6.69
24408549,40,280.1,5,7.0
27476262,1,6.99,1,6.99
77373351,2,4.14,2,2.07
86810130,57,383.24,7,6.72
36768303,1,6.77,1,6.77
76114467,16,71.28,5,4.46
45460701,10,52.65,6,5.27
82888443,51,673.98,8,13.22
97867440,113,736.67,2,6.52
75922902,2,13.66,2,6.83
48821751,58,380.41,2,6.56
81880524,43,237.74,7,5.53
98345808,191,1006.11,4,5.27
54832140,7,47.53,4,6.79
19555569,57,242.48,6,4.25
95411349,18,81.64,5,4.54
85580550,5,34.19,3,6.84
84660741,17,72.82,5,4.28
92911698,15,99.5,3,6.63
25628328,1,6.28,1,6.28
57882330,37,219.68,1,5.94
39279042,37,188.7,8,5.1
90546786,11,118.7,3,10.79
50986683,50,290.99,5,5.82
24920478,4,23.6,3,5.9
66233970,31,165.05,2,5.32
26098875,1,6.95,1,6.95
59574735,8,27.16,4,3.39
37392894,19,129.08,3,6.79
10427670,8,27.01,5,3.38
49241808,93,372.77,14,4.01
30828105,46,219.15,17,4.76
45267948,78,477.22,7,6.12
48585042,75,408.84,7,5.45
81375624,158,709.55,2,4.49
46667907,4,22.62,2,5.65
65023200,146,725.36,18,4.97
17969193,1,7.08,1,7.08
83573325,2,12.43,2,6.22
92192265,8,52.47,6,6.56
10909503,78,408.84,14,5.24
11299464,26,177.03,2,6.81
88561539,98,492.52,10,5.03
29309940,105,381.62,6,3.63
90692118,91,870.92,10,9.57
46009656,99,588.96,7,5.95
24478344,64,411.26,5,6.43
68581656,20,78.21,12,3.91
29165598,4,27.36,1,6.84
32751774,129,659.84,12,5.12
14260257,2,13.31,2,6.65
33081741,11,58.11,5,5.28
95980995,1,6.86,1,6.86
74843010,51,312.65,5,6.13
93202560,38,238.64,6,6.28
58023207,1,5.74,1,5.74
14996520,7,28.91,4,4.13
50725917,90,534.67,4,5.94
78908148,54,808.66,11,14.98
58140225,4,30.03,2,7.51
30464676,88,578.07,7,6.57
94947534,42,258.41,3,6.15
35897499,168,1013.26,29,6.03
32015313,3,18.86,3,6.29
